Frame,Reps,Left Hip Angle,Right Hip Angle,Left Knee Angle,Right Knee Angle,Form Quality,Error_Hip_Depth,Error_Back_Straightness,Error_Knee_Caving
0,0,174.29922882066055,176.82223358648156,177.5945011404624,178.87731743504668,100,0,0,0
1,0,175.24955311499104,175.9877697108942,178.75594139001637,179.5974611188895,100,0,0,0
2,0,175.7410051782272,175.524454116067,179.14742119233514,179.02773287904998,100,0,0,0
3,0,176.00445315175207,175.38078063807663,179.49440222664782,178.7614835827168,100,0,0,0
4,0,176.12229377397583,175.4018649621098,179.65039765203127,178.76850732375462,100,0,0,0
5,0,176.15948567272622,175.33818784605157,179.64570891587755,178.71088410236044,100,0,0,0
6,0,176.13441212128564,175.35925267415868,179.61567236511536,178.74319326102733,100,0,0,0
7,0,176.17105290662204,175.33064648050342,179.53110475200722,178.77505182500772,100,0,0,0
8,0,176.17399451761523,175.35677716941362,179.4790243193576,178.83177552921072,100,0,0,0
9,0,176.16325508973318,175.39788160432246,179.43338984077872,178.87389329750815,100,0,0,0
10,0,176.1977238251818,175.3887178362417,179.3662087197371,178.96112797843804,100,0,0,0
11,0,176.22782201606907,175.40671638370821,179.33690677311458,178.97477508785008,100,0,0,0
12,0,176.24239697552426,175.4060993308108,179.34339376832034,178.96170331989845,100,0,0,0
13,0,176.25038300296333,175.41701257002947,179.34892867331428,178.9181630454215,100,0,0,0
14,0,176.25561365134027,175.4651274711034,179.37414320500153,178.90251297728733,100,0,0,0
15,0,176.26476281965355,175.5183108575626,179.37468439627048,178.9789723079648,100,0,0,0
16,0,176.26038402149015,175.53253542211337,179.374892259897,179.0179455417391,100,0,0,0
17,0,176.25669684410073,175.55654191660423,179.3696550851266,179.0364890444392,100,0,0,0
18,0,176.24690985814024,175.5847715073986,179.38044715976883,179.05748259183252,100,0,0,0
19,0,176.2314105062351,175.61432770500306,179.38872953451045,179.02680235803692,100,0,0,0
20,0,176.1398959250972,175.69653013605796,179.36013013271943,179.05040283297836,100,0,0,0
21,0,176.1646787591734,175.71894583790964,179.34311842008626,179.03952622447747,100,0,0,0
22,0,176.19850261884375,175.75891435065355,179.3527018238614,179.05418269536256,100,0,0,0
23,0,176.22130133920135,175.75554540945436,179.33525598267494,179.05707969959715,100,0,0,0
24,0,176.14866849292588,175.9119144058175,179.24680403513918,179.1940337912674,100,0,0,0
25,0,176.1446228450107,175.88981851892424,179.24393526717526,179.16874031917112,100,0,0,0
26,0,176.13546634239697,175.8926352434241,179.24387226727623,179.15687449099295,100,0,0,0
27,0,176.0654772405561,176.03152243888812,179.31190417338607,179.19023978056507,100,0,0,0
28,0,176.11278750313488,176.0726930044944,179.39960799582457,179.16155199063567,100,0,0,0
29,0,176.1127449612905,176.18036351431527,179.44391891103817,179.17300016038118,100,0,0,0
30,0,176.09855092641266,176.21972962248176,179.459146171567,179.1790525195631,100,0,0,0
31,0,176.04226569882937,176.19887763648623,179.41812387703223,179.14200063959564,100,0,0,0
32,0,176.02532033130984,176.1642675978348,179.3933061140133,179.10199287011744,100,0,0,0
33,0,176.01986954134716,176.16151781902582,179.40789586787503,179.10329225866678,100,0,0,0
34,0,176.0197782469402,176.10022476967887,179.3951142027247,179.03470240144756,100,0,0,0
35,0,175.930937909351,176.14597265470732,179.41947448341395,179.0159280688129,100,0,0,0
36,0,175.89506110443435,176.13631787580343,179.40832818485256,179.00821012462615,100,0,0,0
37,0,175.8151855198554,176.18372637803162,179.45148796089904,178.98247792443908,100,0,0,0
38,0,175.77088879070726,176.16887172190636,179.4633217093356,178.9151562611588,100,0,0,0
39,0,175.7316220536351,176.11586578433838,179.36155823442365,178.89116344101626,100,0,0,0
40,0,175.7592704943431,175.9615903360083,179.32498458506709,178.7513396471787,100,0,0,0
41,0,175.79493739686694,175.83629190417818,179.29231255082885,178.62031521809547,100,0,0,0
42,0,175.7770145129414,175.83557702063624,179.21144500498636,178.6351931792228,100,0,0,0
43,0,175.74531609755545,175.83979533146905,179.13872285418688,178.63123035575072,100,0,0,0
44,0,175.73310823744654,175.8195007257753,179.11758078784052,178.62115540754664,100,0,0,0
45,0,175.71448438371755,175.78750907976934,179.06561023413593,178.6027742750871,100,0,0,0
46,0,175.70661977731132,175.79003091887128,179.053616400418,178.5853439066509,100,0,0,0
47,0,175.6657536447941,175.81030885721955,179.0509666629542,178.52906078763905,100,0,0,0
48,0,175.68223506088626,175.80772354228657,179.0743364502242,178.54396992139067,100,0,0,0
49,0,175.67976081060675,175.91006848100773,179.14887382423686,178.68865451588502,100,0,0,0
50,0,175.64904787778718,176.01738047517645,179.12068980193314,178.86452108388477,100,0,0,0
51,0,175.64017821112495,176.06981933241767,179.03871022540585,178.99785161994635,100,0,0,0
52,0,175.60737243154205,176.09916553646892,178.93686640377055,179.0571786618236,100,0,0,0
53,0,175.63292342820998,176.1140296993212,178.94205221766165,178.99996668290956,100,0,0,0
54,0,175.72142290963168,176.10830057798577,178.88289371532306,179.0089011150414,100,0,0,0
55,0,175.75537564756465,176.06576501542713,178.61700033444114,179.17560232652096,100,0,0,0
56,0,175.93565563235467,176.04265737927443,178.44782399013326,179.36822100655013,100,0,0,0
57,0,176.19966780569138,175.83677222784797,178.07520822934578,179.75464108759394,100,0,0,0
58,0,176.40720617654083,175.72640886162435,178.42213187214517,179.62022557713644,100,0,0,0
59,0,176.35828613140794,175.98263268616634,178.60588902493032,179.62219249204978,100,0,0,0
60,0,176.29645292861008,176.09837879701095,178.73720747239295,179.62324697516107,100,0,0,0
61,0,176.32076039197224,176.15314288060807,178.98157301411908,179.33467552588843,100,0,0,0
62,0,176.3016563668959,176.34961484403178,179.02828813920814,179.32045747786745,100,0,0,0
63,0,176.33918330568022,176.54540974513878,179.15569134830164,179.11292590178957,100,0,0,0
64,0,176.41652002991682,176.5795771036776,179.28035093286897,179.14372070197288,100,0,0,0
65,0,176.5061599512055,176.48553630840885,179.32611982699592,179.0684779966905,100,0,0,0
66,0,176.7472212260375,176.23716030997718,179.41930046787004,178.93767402128012,100,0,0,0
67,0,176.74128865469154,176.48178287556274,179.48312942914978,179.06934457086206,100,0,0,0
68,0,176.6778029278365,176.21680012300143,179.47934920739561,178.7911558466924,100,0,0,0
69,0,176.6870383969336,176.0805586744095,179.49065461884052,178.4010909357008,100,0,0,0
70,0,176.7733193640424,176.11228123606722,179.5809604680804,178.44605268223873,100,0,0,0
71,0,176.82541346051022,176.12392135439703,179.61496841855163,178.46110140055697,100,0,0,0
72,0,176.8103677332942,176.1900733865123,179.63182009641895,178.48703094879113,100,0,0,0
73,0,176.80244361216793,176.17899575190637,179.66151689333927,178.52373052232446,100,0,0,0
74,0,176.88114396199654,176.14620422636403,179.72626653887397,178.5657610071849,100,0,0,0
75,0,176.88189092423153,176.15490476131492,179.7196493026535,178.68169959466874,100,0,0,0
76,0,176.90125140445696,176.05706004783008,179.73591255200475,178.58966521613203,100,0,0,0
77,0,176.95416188976083,175.92801161528004,179.76604244904345,178.4822294340684,100,0,0,0
78,0,177.0938599358339,175.86558493834056,179.7794118036066,178.49565829022526,100,0,0,0
79,0,177.1791342007753,175.75844165111883,179.7853498969586,178.37887864117073,100,0,0,0
80,0,177.33764315582005,175.5595808228618,179.768801173849,178.18013170611297,100,0,0,0
81,0,177.34125325975856,175.6730762984554,179.78364742184002,178.4011634764883,100,0,0,0
82,0,177.3960383867483,175.8270486405132,179.7867476942994,178.55347217705167,100,0,0,0
83,0,177.38268230213546,175.9912268062628,179.7871453224504,178.7274320241977,100,0,0,0
84,0,177.43098013292138,175.78248188457005,179.78726571504944,178.89296488304353,100,0,0,0
85,0,177.60733853806005,175.13995474748478,179.77981404371832,178.5461839724342,100,0,0,0
86,0,177.77993655933307,174.85295814328362,179.79037672897059,178.28937807976612,100,0,0,0
87,0,177.8344446266283,174.79051299091302,179.77162258559406,178.1388621680246,100,0,0,0
88,0,177.87168123537953,174.73951836474262,179.74553194631525,178.14845079388826,100,0,0,0
89,0,177.77042118239635,174.8228518806313,179.76490778419472,178.15521670814093,100,0,0,0
90,0,177.7706485017849,174.9239890474846,179.75186758779975,178.07978066027195,100,0,0,0
91,0,177.63723764602267,175.41517117661522,179.75995250534615,178.41835566654416,100,0,0,0
92,0,177.65614186383388,175.4530616767241,179.76082999096317,178.47077339350227,100,0,0,0
93,0,177.6190148541091,175.5230104699679,179.75727318452726,178.52612231912707,100,0,0,0
94,0,177.57802222110135,175.56025080447733,179.7154971017223,178.59602997226014,100,0,0,0
95,0,177.56216834321697,175.48848973882937,179.64974849575103,178.5696684671156,100,0,0,0
96,0,177.54542127630725,175.46021037320358,179.5915753405649,178.56643920752816,100,0,0,0
97,0,177.43781627693673,175.42368969480356,179.49668730736053,178.54557962386298,100,0,0,0
98,0,177.3951419036985,175.31662173407756,179.31858456179697,178.44708009907762,100,0,0,0
99,0,177.90983524564587,174.54719104774225,178.87749703217312,177.92540812225585,100,0,0,0
100,0,178.1146533873693,174.4827223949596,178.5875554790673,177.69267841939762,100,0,0,0
101,0,178.04086915446587,174.39259453921127,178.4721129175996,177.50601847555907,100,0,0,0
102,0,177.7226226035041,174.02005865845425,178.236468327282,177.41026362697872,100,0,0,0
103,0,177.61332094531787,174.09340349968326,178.2025026336536,177.49663420781815,100,0,0,0
104,0,177.08866225646898,174.28285645306593,177.9897300915025,177.59055268196948,100,0,0,0
105,0,176.755594837527,175.20848081686444,178.56556524518402,177.91233971044875,100,0,0,0
106,0,176.70510448511686,175.4672913651069,178.79435583835323,177.98996971696437,100,0,0,0
107,0,176.6949163409164,175.4182000349786,178.76931449004672,178.03678325423758,100,0,0,0
108,0,176.71670271716584,175.68102002123004,178.8971739411608,178.48828697098352,100,0,0,0
109,0,177.06588840590294,175.78081298858908,178.93751274631714,178.89216046535716,100,0,0,0
110,0,178.11047664264618,175.69917311189158,177.73059003105757,179.74135496074354,100,1,0,0
111,0,178.16708716477584,172.41418166493597,177.23449385235045,175.08674842982407,100,1,0,0
112,0,176.1243565863824,168.57670257050358,179.25919042099173,170.13954808151937,100,0,0,0
113,0,175.5020375045838,166.86975894840072,178.54888459795623,168.22214415348512,100,0,0,0
114,0,173.76239822834145,167.59335986964604,177.25652735144482,170.95054946440956,100,0,0,0
115,0,172.2997001728849,156.0462280017057,175.99958687965741,156.54665448502084,100,0,0,0
116,0,161.81752701865594,146.64146710049306,163.17724637229074,146.54038672330358,100,0,0,0
117,0,167.57809369011963,148.78409525696327,168.81124089677917,148.47920000937788,100,0,0,0
118,0,153.45694638883177,156.3953818945956,152.39877925501852,156.37822100362234,100,1,1,0
119,0,144.76576044195536,137.8280763482255,143.6313143120161,136.65314148926757,100,1,1,0
120,0,138.07458904598974,133.71108588197308,136.34375630901405,130.93628399274655,100,1,1,0
121,0,135.06147743790305,130.87808409638345,133.2118535095198,128.3529593312721,100,1,1,0
122,0,129.93093478784039,124.35478415491531,127.66537236337318,122.56072103412042,100,1,1,0
123,0,130.07526054362873,120.6596646418789,125.7264231941066,118.59294364892034,100,1,1,0
124,0,130.0807130542866,116.25824917225479,123.58544478444256,113.61033285655073,100,1,1,0
125,0,127.22745944994539,111.84135412289815,120.28592232338063,107.2770598224849,100,1,1,0
126,0,125.57918570638,112.4679738608376,114.49442762974168,103.62021099097642,100,1,1,0
127,0,121.56373320447831,105.34163611772142,107.44578343875601,93.39621343781783,100,1,1,0
128,0,116.84627102510831,107.50880891797924,103.79002406919777,95.63423155328131,100,1,1,0
129,0,116.2301909964157,104.18446364223166,106.89635439490299,92.81734401292634,100,1,1,0
130,0,117.37268841781737,97.60496062058454,111.65259382859114,87.33457871893704,100,1,1,0
131,0,115.60350022172052,95.82712959449398,107.6968452472124,80.84725304351318,100,1,1,0
132,0,113.1720328577273,96.32673843782918,105.99785116448463,83.87201220889348,100,1,1,0
133,0,108.63948900620747,98.71217984790779,107.73758509970416,91.79226671384212,100,1,1,0
134,0,109.93633045006075,99.93185800195593,110.98936271677059,94.85404180647761,100,0,1,0
135,0,99.28403929058935,97.85579769833289,101.18086050872991,93.843832916947,100,0,1,0
136,0,95.2019092328226,92.37519135205847,96.3915593979015,89.43292488938302,100,0,1,0
137,0,91.85875514346574,89.58486203208135,92.4091198245986,86.30601864722091,100,0,1,0
138,0,83.0602875496634,82.58065884823151,83.10720575800559,79.93711034707653,100,0,1,0
139,1,79.77026386153464,79.57305473726751,79.78442193983436,76.24074620658436,100,0,1,1
140,1,76.00935670739148,74.63640536903247,75.83716865573516,71.25756451641873,100,1,1,1
141,1,76.29994284790081,72.89300258072542,75.34603763979169,70.04460683209378,100,1,1,1
142,1,72.24800383540374,71.34833793149713,71.46515221980141,68.66112420222453,100,1,1,1
143,1,66.43475866376403,68.96638204626178,66.66314631363515,66.41591516929999,98,0,1,1
144,1,66.43274581085413,69.2948897433776,66.3280785940243,66.78680059657773,98,1,1,1
145,1,61.939234871704606,66.93120851474706,64.22027531276022,64.55574548984688,95,0,1,1
146,1,58.292900828447145,63.90301532696667,61.503474798321704,61.78445684139541,93,0,1,1
147,1,55.707823582626844,60.909016608871475,59.99457932453637,59.11273657959863,90,0,1,1
148,1,53.92073352805774,57.5013953285772,58.66127477691871,55.84675071235493,87,0,1,1
149,1,52.026989799127996,55.442381726928694,55.938617534853826,54.21391790634696,84,0,1,1
150,1,51.417118834163624,52.28317275601049,55.03490042925275,51.262122046665674,80,0,1,1
151,1,49.290465205813035,49.845785787563734,52.627518590434086,48.95117209052762,77,0,1,1
152,1,47.43398937472685,48.91976600881976,50.6058142307399,48.138057491747695,75,0,1,1
153,1,45.64976586733616,46.308323344001494,48.67695320896827,45.081845781554115,71,0,1,1
154,1,46.15869429575685,45.666285493232564,49.03778514735442,44.06972819651634,71,0,1,1
155,1,45.193312962652215,43.498971581446824,47.66158731207046,41.29900360679706,68,0,1,1
156,1,44.91892668054515,43.94811129691842,46.93257047785441,41.676762650295714,68,0,1,1
157,1,42.55291938047865,44.54832563027084,43.698422270406546,41.68433741431809,66,0,1,1
158,1,42.71018582361724,42.81988555905485,42.99221196271236,39.578952429157454,64,0,1,1
159,1,40.838607411733534,41.33277409660556,40.675263226563146,37.432547742834785,61,1,1,1
160,1,39.540075512643206,40.08209858124135,38.15491322540864,35.90122374639536,58,1,1,1
161,1,38.38552099857784,39.45944764414627,35.39449683392319,34.63330621068778,56,1,1,1
162,1,37.91292468073112,38.48858784079287,34.6899844440343,33.468924591497256,55,1,1,1
163,1,37.2053699491986,37.53416195712775,34.094911373081516,32.57546270157539,54,1,1,1
164,1,36.926026398690986,37.264824706484326,34.082921536687564,32.35362951183276,53,1,1,1
165,1,36.68459223942736,37.9904900048182,33.61784516929622,33.141998120383285,54,1,1,1
166,1,36.7796097199394,37.364100201631395,33.57521215073853,32.4586361529004,53,1,1,1
167,1,35.394668674780526,35.99226156008639,32.15031566081149,30.960589155889732,51,1,1,1
168,1,34.30977083681326,35.56775011297893,31.187243639991685,30.639543945962917,50,1,1,1
169,1,33.38257644559716,34.499839227975535,29.858180222224824,29.588968001947997,48,1,1,1
170,1,32.91103916809061,34.20425252316887,29.388932248733184,29.15583509380878,47,1,1,1
171,1,32.32303406280194,33.94194382713374,29.057652800753743,28.816670334513862,47,1,1,1
172,1,32.05115698427,33.79827553699158,29.14442550506917,28.791681633319715,47,1,1,1
173,1,31.537564076351185,33.38844941643527,28.618002396912225,28.542118145830727,46,1,1,1
174,1,33.58211626251165,35.13875744533081,30.228750368678433,30.476532368367405,49,1,1,1
175,1,34.93594818360981,36.97610134345319,31.90011928567073,32.403529530801165,52,1,1,1
176,1,36.81723585538177,38.10526582164569,33.872035464978445,33.6541277878024,54,1,1,1
177,1,38.37848616559312,38.80500967438598,35.230610024210065,34.32078328813274,56,1,1,1
178,1,39.81064367937256,40.61591367645011,36.83590366126609,36.25726228521528,58,1,1,1
179,1,42.026070398398694,43.331483488445365,39.127848179367625,39.370895695412,62,1,1,1
180,1,43.75320489089646,47.32732066579205,41.64886907071676,43.470499522042296,67,1,1,1
181,1,48.65062402091085,54.5432761360335,47.26736971556919,51.2395852241196,77,1,1,1
182,1,52.383223554996384,58.694425062843784,51.95405649006212,55.79986637613761,83,1,1,1
183,1,58.11867785652427,64.79630956047237,58.67040064337033,62.9692069759248,93,0,1,1
184,1,60.76785776357715,69.68016167519119,61.672009669331665,68.67288092967382,96,0,1,1
185,1,56.63729218151752,67.62283960680955,57.8018037966382,67.46970284148455,93,0,1,1
186,1,57.393306526270784,65.84668463268942,59.816205407586224,65.92200992582535,93,0,1,1
187,1,59.43999894645447,66.27209893152893,62.50580264052616,66.83258935850961,94,0,1,1
188,1,60.00392315790268,64.23087619496543,62.730707378581194,63.903976535564,94,0,1,1
189,1,56.95603969100788,64.42582731682003,60.1965070716322,63.889522381559445,93,0,1,1
190,1,68.12347604461212,72.54327934904585,71.17778666096142,71.95785356839596,99,0,1,1
191,1,73.78184983014363,81.00444983063447,75.87483719255613,80.50252631668143,100,0,1,1
192,1,82.4435694480379,86.39813343787391,84.5567099569553,85.72886262560145,100,0,1,0
193,1,87.20639906311199,86.7711609611128,89.60815487138683,85.99707401182229,100,0,1,0
194,1,90.51083056986437,90.55094577701801,93.08617171062976,89.65487111360136,100,0,1,0
195,1,95.02207525859649,97.81526574252105,97.5309631431454,96.61730982384951,100,0,1,0
196,1,103.56479934002347,105.2542306923454,105.56071426011034,103.94083749110735,100,0,1,0
197,1,107.96130154644494,115.8411178917478,109.77508223880614,114.39015855399155,100,0,1,0
198,1,116.07814908825283,123.01711598234505,117.68811732986536,121.277911283202,100,0,1,0
199,1,122.3651670211416,128.1787424027271,123.91753060295267,126.96211647377574,100,0,1,0
200,1,124.64671104632005,133.20485240749363,126.71426925649634,133.09628444896885,100,0,1,0
201,1,127.94412855588482,138.4762827255757,130.82127709784208,138.7340481685843,100,0,1,0
202,1,130.67076205149425,142.0658994091248,133.29819424070848,142.6042461947152,100,0,1,0
203,1,132.86605291046305,144.63789085529555,135.21724718289067,146.24073790372572,100,0,1,0
204,1,139.2689051896921,147.00876465530456,141.0645958057167,148.08931338896667,100,0,1,0
205,1,144.5469347372993,147.00824347939079,145.95605192782722,147.31235355862415,100,0,1,0
206,1,147.85673201138687,147.28716120734248,150.50946681222982,149.16905356313018,100,0,1,0
207,1,148.22157337329898,146.59314015274603,151.76918047741256,148.41030815319,100,0,1,0
208,1,150.51431012608168,145.51154441791294,154.6016901854248,147.5804576716146,100,0,1,0
209,1,151.45099689157138,143.87681314666543,155.18302678614614,145.78399794268663,100,0,1,0
210,1,153.67192128838929,145.50899369558564,156.65881849250894,147.2972461666866,100,0,1,0
211,1,156.8354366503715,149.36678593209848,159.30982041766418,151.38125666385034,100,0,1,0
212,1,161.32037198116916,161.04084891574348,162.87681207588992,164.7774980749671,100,0,0,0
213,1,166.90239723973738,162.7149230495393,166.44604271966412,166.60377868803812,100,1,0,0
214,1,168.19758662209833,159.66295816103994,168.23104290260173,163.10626457620813,100,0,0,0
215,1,168.96983170668142,158.32343181988898,167.9835986493129,161.60835570599613,100,1,0,0
216,1,169.9487139951416,158.265420853986,169.66598664842365,161.5157196794561,100,1,0,0
217,1,169.18404378649905,157.51872979111,169.41713124234155,160.52301653744308,100,0,0,0
218,1,168.15048508838578,160.79464050319672,168.83487452935384,163.38552606833758,100,0,0,0
219,1,171.73241292640336,159.67595087930619,173.28201918752217,161.8503558148799,100,0,0,0
220,1,172.27651133522068,168.72129271694718,174.84627848770523,172.17053902510202,100,0,0,0
221,1,174.02431318351287,171.78777514913537,178.1110197340498,177.52216609497452,100,0,0,0
222,1,175.63519737298338,174.52173903106362,178.66299793512576,179.53001167382791,100,0,0,0
223,1,177.12878453685394,174.80408213934828,179.71822798800423,179.33920565763944,100,0,0,0
224,1,177.3378928501591,175.29793166564227,179.76421441497126,179.19634321383538,100,0,0,0
225,1,176.99233733612405,176.60541487246667,178.91164792926688,179.44902259038466,100,0,0,0
226,1,176.85634456360071,176.76142205284359,178.66307148945583,179.7154833801654,100,0,0,0
227,1,176.82368113810702,176.7625987574223,178.60208813321532,179.5068962054332,100,0,0,0
228,1,176.73189833286165,177.22826220496694,178.80213899433062,179.66123960734117,100,0,0,0
229,1,176.5447065541649,176.91056708782213,178.79553939184396,179.76586328812687,100,0,0,0
230,1,176.80422095590808,176.66606655084973,179.1209953423801,179.24418299912438,100,0,0,0
231,1,176.75141113189022,176.6322761095092,179.18023919931306,179.39864923465757,100,0,0,0
232,1,176.7194627533987,176.55265211698105,179.26955880635776,179.3607047174906,100,0,0,0
233,1,176.60702006380765,176.57736009479027,179.19461217057523,179.31978375713297,100,0,0,0
234,1,176.51204024568173,176.56496468895557,179.29400589415334,179.28801292306088,100,0,0,0
235,1,176.16455795182645,176.61067230515297,179.33389009308365,179.27839964956843,100,0,0,0
236,1,176.04932259410614,176.69717632390595,179.45414671022223,178.98436487484008,100,0,0,0
237,1,176.06824493683246,176.69338619332612,179.48679329593514,178.84834249600345,100,0,0,0
238,1,176.08937169342985,176.64484405100853,179.50674223727566,178.82275171164846,100,0,0,0
239,1,176.10755475122872,176.5608656715349,179.51191897836182,178.81297667749328,100,0,0,0
240,1,176.07527922064034,176.53301323864514,179.54484317973035,178.76327201746432,100,0,0,0
241,1,176.1225939485366,176.41752851989204,179.639294981983,178.67663187542885,100,0,0,0
242,1,175.86814322554818,176.15020959521323,179.6667266373853,178.39986689792312,100,0,0,0
243,1,175.47257143153394,176.20062282040152,179.31351110914204,178.61289147445186,100,0,0,0
244,1,175.5061388422114,175.7328977410001,179.25091041955508,178.4851371127683,100,0,0,0
245,1,175.56318661227408,175.6951436543801,179.28291185287935,178.6035023479726,100,0,0,0
246,1,175.50364180638238,175.84291629511932,179.22294321675145,178.86146454898287,100,0,0,0
247,1,175.137682744119,176.0023601328787,178.83265571514997,179.18320993544864,100,0,0,0
248,1,174.84621741170463,176.30241712666324,178.4935385882189,179.53390826721835,100,0,0,0
249,1,174.83211034914632,176.32621339792522,178.31792552083635,179.57926249048325,100,0,0,0
250,1,174.7480811025998,176.36323280938967,178.07044535050977,179.65117524739122,100,0,0,0
251,1,174.7210640401273,176.32826218412677,178.01892214214516,179.6569924775415,100,0,0,0
252,1,174.649796645988,176.3934695198243,178.12566857067267,179.6680062683132,100,0,0,0
253,1,174.65790113953773,176.36128374703785,178.14752243204669,179.68776501002705,100,0,0,0
254,1,174.74411660659746,176.37951689161602,177.94327237371016,179.76967478995851,100,0,0,0
255,1,174.68311327896177,176.4701021128456,177.86467968236028,179.7462952030769,100,0,0,0
256,1,174.5670520792256,176.49340424817944,177.7203956688219,179.7692219551692,100,0,0,0
257,1,174.6159492148049,176.46241337822795,177.57116825782958,179.731503894063,100,0,0,0
258,1,174.74249728173538,176.36790840013197,177.70452111999884,179.78239581472863,100,0,0,0
259,1,174.70750141456094,176.32317665665195,177.71872607359572,179.78516709938845,100,0,0,0
260,1,174.7364108908576,176.25536224552386,177.7228882974283,179.78042015520853,100,0,0,0
261,1,174.77040232710064,176.18034665692022,177.72235636258344,179.77806174664954,100,0,0,0
262,1,174.85838404406417,176.1623488657708,178.050255169077,179.71759763424066,100,0,0,0
263,1,174.86393927705964,176.12726552656204,178.1331735592494,179.67425788239333,100,0,0,0
264,1,174.93557747457808,176.02062027811007,178.21946773161872,179.5632927483763,100,0,0,0
265,1,175.09665497086306,175.83557370109924,178.53938692729312,179.37002161204265,100,0,0,0
266,1,175.1936698412034,175.7412138012486,178.66710683226572,179.20891018559118,100,0,0,0
267,1,175.22125597199553,175.6043151695502,178.6687865095899,179.0764316143792,100,0,0,0
268,1,175.24910440543226,175.4999563036382,178.66244988457348,178.94581828843448,100,0,0,0
269,1,175.38767727791424,175.05072349523718,178.52533182841344,178.74207199849235,100,0,0,0
270,1,175.59823240095326,174.8721031925463,178.7021226001737,178.47138835473189,100,0,0,0
271,1,175.70309742404748,174.96985677090237,178.79531944018603,178.47219923317576,100,0,0,0
272,1,175.76750100444673,175.11160651504386,178.79524855682146,178.5684841077687,100,0,0,0
273,1,175.82758907463483,174.97389697162953,178.85140465323045,178.25957418532846,100,0,0,0
274,1,175.88206092241938,174.92011908630337,178.83165350396547,178.09656582556522,100,0,0,0
275,1,175.9863639442545,174.66451655369207,178.73989599600307,177.82143428497756,100,0,0,0
276,1,175.93705545856375,174.60486689160427,178.56095113781205,177.73713750394617,100,0,0,0
277,1,175.80861954221223,174.74353628253996,178.48297330386646,177.86952043751265,100,0,0,0
278,1,175.6045296580493,174.96891402570057,178.37550283345402,178.05866191219468,100,0,0,0
279,1,175.48718011713035,175.18039138078254,178.20120257154142,178.36867732474886,100,0,0,0
280,1,175.51369476008517,175.3161491152112,178.3071360337002,178.4643306905137,100,0,0,0
281,1,175.311380584258,175.50703463727538,178.22801714486883,178.5674376697781,100,0,0,0
282,1,175.26211993389362,175.5398071800525,178.24339240585076,178.55188930928065,100,0,0,0
283,1,175.09262640030727,175.70647706017084,178.31022125254208,178.50895609064492,100,0,0,0
284,1,175.19024306273187,175.73591238478159,178.31458890508722,178.66445191275574,100,0,0,0
285,1,175.4375294223677,175.59926519841002,178.71626089107357,178.49878544581964,100,0,0,0
286,1,175.2809863836776,175.6787583824436,178.9467796257716,178.37940970775583,100,0,0,0
287,1,175.31045574504537,175.65544357955608,179.0388495636315,178.26061661557137,100,0,0,0
288,1,175.30665251183828,175.67005740837064,179.20286216697957,178.2080279421818,100,0,0,0
289,1,175.51578689445694,175.6440279063949,179.29678539008862,178.21589677226615,100,0,0,0
290,1,175.69257842060773,175.7338628044926,179.46051528094875,178.37100103956826,100,0,0,0
291,1,175.82218004550782,175.69790301542628,179.51278437286786,178.39362308420624,100,0,0,0
292,1,175.92844380011232,175.58053203576188,179.5470011115166,178.4251007789783,100,0,0,0
293,1,175.83270218868105,175.56545422856618,179.4372770191814,178.43743040559139,100,0,0,0
294,1,175.84734222383312,175.50188135895607,179.46158863812533,178.3670547039908,100,0,0,0
295,1,175.92641077744256,175.5211541630975,179.52485203501467,178.31222201205583,100,0,0,0
296,1,175.9330957104056,175.63193808871722,179.76059703869274,177.99574871147485,100,0,0,0
297,1,176.0044705390831,175.65772965097844,179.76213518957337,177.96788962405782,100,0,0,0
298,1,176.04147088652658,175.76599810967687,179.75643123887735,178.1011853593333,100,0,0,0
299,1,175.90478530946206,175.8171342415381,179.69239212121843,178.1598709312359,100,0,0,0
300,1,175.90614623202637,175.90540146847022,179.6886221481123,178.2995875279608,100,0,0,0
301,1,175.91578665518333,175.7534707716127,179.58413380340886,178.52402581545408,100,0,0,0
302,1,175.91017121335355,175.81481853918473,179.52204391524464,178.55249161292426,100,0,0,0
303,1,175.98090376436934,175.93744551319608,179.51704161967157,178.65451768452886,100,0,0,0
304,1,176.18661023339106,175.6579413858492,179.53664342038783,178.55984257147645,100,0,0,0
305,1,176.24777960415926,175.6315979014711,179.5605356130167,178.52291041258795,100,0,0,0
306,1,176.27829999905344,175.7061839849192,179.60255517481468,178.5331562148407,100,0,0,0
307,1,176.23021762765373,176.06334000091525,179.63690855691092,178.71099430143983,100,0,0,0
308,1,176.1610257063038,176.5479374279634,179.61988867268155,179.00379840083224,100,0,0,0
309,1,176.16087300642607,176.90599056056573,179.59988003715958,179.24904376139344,100,0,0,0
310,1,176.33022738991724,177.12594896211067,179.52993701637558,179.4740296986977,100,0,0,0
311,1,176.51452269744553,177.07088036002665,179.56849707561162,179.66299028968305,100,0,0,0
312,1,176.56694612692024,177.19515560022793,179.73702249703123,179.64153747739124,100,0,0,0
313,1,176.55455480115444,177.27677838756475,179.76794447826364,179.6495312028413,100,0,0,0
314,1,176.57939796113712,177.62928958932446,179.77187322075662,179.77115778615797,100,0,0,0
315,1,176.52105651404995,177.73482349089758,179.75854045611646,179.7857158451612,100,0,0,0
316,1,176.41566890546054,177.91141177346154,179.7276237986951,179.7804558713649,100,0,0,0
317,1,176.48680198917734,177.89138037044503,179.55012621646318,179.76997153081896,100,0,0,0
318,1,176.9092238256534,177.90486421194757,179.31233174572787,179.71904754608903,100,0,0,0
319,1,176.87879870464118,177.81696441594994,179.39511458984433,179.7586637731999,100,0,0,0
320,1,176.73791705986088,177.75571541808566,179.3792704829144,179.78854418139312,100,0,0,0
321,1,176.6169399583925,177.73765466894898,179.15153544565908,179.64880816645646,100,0,0,0
322,1,177.053657361777,177.09317131704327,178.86969524384526,179.0105451004627,100,0,0,0
323,1,176.70744635454304,174.1080265600547,178.53382122194645,174.6014785580719,100,0,0,0
324,1,172.99168157138197,172.80673057961508,174.55056907070636,174.83717582809567,100,0,0,0
325,1,172.3610416235699,171.23642112679457,173.63874734353863,172.88791312190324,100,0,0,0
326,1,171.2370153969567,171.95184641497283,173.08588971182527,174.34398265664362,100,0,0,0
327,1,170.4530885241026,171.91528147094402,172.43729418206152,174.29894959280438,100,0,0,0
328,1,166.6493472601179,172.01948952159432,166.58547891542523,174.96647829818667,100,1,0,0
329,1,165.951292331581,171.247992222209,165.85303485967782,174.40492630684523,100,1,0,0
330,1,167.36264807873897,170.83231669695792,167.96771926389627,173.47282365508545,100,0,0,0
331,1,155.77967891241713,169.33276592398948,155.6040812076697,171.90912069420392,100,1,1,0
332,1,157.2547017566819,165.1307462841189,154.91532603173468,166.6257521703484,100,1,1,0
333,1,161.7839816669543,166.368591285172,159.81861345395683,168.14330347067676,100,1,0,0
334,1,163.4003465444969,163.95966695303977,161.80663542997962,164.7979697627034,100,1,0,0
335,1,161.43688446536757,145.80865621705456,159.3055249189218,144.94710609220584,100,1,0,0
336,1,144.87831411611666,133.79993924746873,142.73627567381604,132.2750615425375,100,1,1,0
337,1,138.1931069129694,131.14626962513987,135.6864035919206,129.68542912185484,100,1,1,0
338,1,134.23624336195215,123.90333070294243,130.35478952436938,122.62320144660399,100,1,1,0
339,1,129.58322963452764,123.31345206319796,124.86654514354736,123.18026322319614,100,1,1,0
340,1,125.54021487470372,121.97430504881744,120.20016135663683,121.36930093274793,100,1,1,0
341,1,122.18028220552748,121.82074603991413,120.97453539025825,120.68482693315904,100,1,1,0
342,1,119.59223440632081,123.24246914825088,119.04791096819443,121.73919674407288,100,1,1,0
343,1,118.74822119699051,124.57983463700351,117.38799874190143,122.68189326064872,100,1,1,0
344,1,118.99959721576943,120.4695517795382,117.73877051837934,118.09686313876831,100,1,1,0
345,1,119.47525942309655,122.3260056561951,119.90313881918225,120.43456030950225,100,0,1,0
346,1,118.08892976021846,117.29828931141056,119.49918060026442,116.12977151348848,100,0,1,0
347,1,118.39142613719993,118.80903437891158,119.69392265202879,117.78604608163465,100,0,1,0
348,1,117.94334476207905,118.2816374601201,118.88529496479363,117.34464758569158,100,0,1,0
349,1,116.89903893128653,115.48574898122776,117.49497472836903,114.62183339289773,100,0,1,0
350,1,114.6387159263797,111.05740958944908,114.83569711585986,110.3383331981143,100,0,1,0
351,1,105.93420568770942,107.49628988380914,106.37690763844031,106.49086544313812,100,0,1,0
352,1,104.65798153571127,103.74174337142297,103.4328893326477,102.81808139707957,100,1,1,0
353,1,92.58836395901437,93.73130812966079,91.54111462689251,92.79503587674698,100,1,1,0
354,1,77.4500055515177,79.88586894461386,76.79241446033073,79.27206734709354,100,1,1,1
355,2,74.86275076117067,75.15179136556091,73.84197807475708,74.36248776271118,100,1,1,1
356,2,76.15349865652698,74.0291809029014,75.30312394205016,73.19033138517027,100,1,1,1
357,2,74.96496934248862,71.72720095686303,74.10973332341331,70.92149683100484,100,1,1,1
358,2,71.14192550260151,70.1197163306678,69.73678537239556,69.00269103134639,100,1,1,1
359,2,66.25181518658546,66.79752720512754,64.95518378267356,65.65351752736252,97,1,1,1
360,2,66.19191465493516,64.56037012003227,65.50214372648057,62.89552789211025,96,1,1,1
361,2,59.06842739394702,61.844030931202,59.786311380303594,60.331492872635515,92,0,1,1
362,2,52.60353923789277,54.63579577098701,53.674883936537796,53.23518258869366,82,0,1,1
363,2,50.51314869030968,52.808045889398876,51.85358830189551,51.473419599340474,79,0,1,1
364,2,46.6337443870185,49.146028436816145,49.30964890406606,47.67528945337482,74,0,1,1
365,2,47.00587533294781,47.292738713801235,49.99091279189256,45.53145828110111,73,0,1,1
366,2,46.26464123706834,47.214634766358586,48.946528148621745,45.210674763951566,72,0,1,1
367,2,45.80604107949107,46.007950130253576,48.05510142101593,43.96013333576212,70,0,1,1
368,2,44.939833524347115,43.83987654466679,47.2026001562661,41.865973618411495,68,0,1,1
369,2,44.144093664750905,42.43259214941701,46.63941299861741,40.39118031674326,66,0,1,1
370,2,43.96119447873517,40.46075332122594,46.33203041402961,38.57621640162467,65,0,1,1
371,2,43.54458588349992,38.92129199400097,45.81423479359341,37.42274067888978,63,0,1,1
372,2,42.47361423931018,38.23150024476553,44.68777216697415,36.7710116428569,62,0,1,1
373,2,41.815995813299985,36.99723713873654,44.08295515161116,35.75536122377331,60,0,1,1
374,2,39.91126148848634,35.26194189872653,42.153309697406314,33.97934208603161,58,0,1,1
375,2,39.07125547820909,34.88311747689629,40.803103557745324,33.30709126862547,56,0,1,1
376,2,37.00369021210754,33.18175931735806,38.15190702794137,31.302345545075404,53,0,1,1
377,2,36.09414897276182,32.156056315327284,36.30543741326871,29.742863321231326,51,0,1,1
378,2,34.612246375812134,31.504187703059397,34.43911808460746,28.989882100649545,49,1,1,1
379,2,33.76048894078056,31.011397679019858,32.922615666090536,28.089849557640008,48,1,1,1
380,2,33.38427409865243,30.402279018410994,31.848156093866745,27.29305911560615,47,1,1,1
381,2,32.922920505810026,30.146591613133168,31.30387519095972,26.817814300752968,46,1,1,1
382,2,33.29162675956088,30.32534150245513,31.622736401350682,26.93147861716541,46,1,1,1
383,2,33.250965579822655,30.47887466984362,31.633322515354102,26.94233716509717,46,1,1,1
384,2,33.304430454848244,30.44078362319039,31.783644998547327,26.847863538611282,46,1,1,1
385,2,33.158666037580076,30.420463731444638,31.92751445639771,26.992251093819608,46,1,1,1
386,2,34.865359246986785,31.203429828703136,34.42166632684365,28.066324794854534,49,1,1,1
387,2,36.1828975556421,32.33168054689484,36.14854701611559,29.639780517138696,51,1,1,1
388,2,38.147791598724965,33.689326013176085,38.62951810223189,31.8010289371932,54,0,1,1
389,2,42.61818578545128,37.71596786068523,43.213487226006684,35.95084572495833,61,0,1,1
390,2,47.01448214870858,41.57123140827254,47.634098557534315,39.98102488982873,67,0,1,1
391,2,50.65188282810879,46.67604703260999,51.44204190413824,45.22497596983046,74,0,1,1
392,2,55.41751685659605,53.96250313389467,56.52482054856926,52.627839590469264,84,0,1,1
393,2,62.18293688780458,60.33628166831315,63.175986406484924,59.10024156348839,93,0,1,1
394,2,65.43604755305957,66.74626885898708,65.69303770816389,66.0135682942455,97,0,1,1
395,2,65.59998308779186,69.07097038324912,65.01088098483082,68.57755258287649,97,1,1,1
396,2,65.6526232756938,69.8836535530241,65.1389685751746,69.44147751824191,98,1,1,1
397,2,67.95446852907128,74.71802679262221,68.01295394663602,75.10707983934353,99,0,1,1
398,2,75.43902921057206,79.90051381976556,76.02841815645921,80.83248596001975,100,0,1,1
399,2,85.61403771064072,85.75281831140786,86.6792176247959,86.76697485090635,100,0,1,0
400,2,94.86442238163255,91.30529366138482,96.36481442295667,91.95057924326348,100,0,1,0
401,2,97.91065734431967,103.91165236874743,99.33548633664385,104.29700594956329,100,0,1,0
402,2,107.97635712102957,113.18742703129018,109.32357850297436,113.64089028994715,100,0,1,0
403,2,119.05630179873815,120.88900325136215,120.18976515218233,121.08740253167934,100,0,1,0
404,2,125.14965616896274,125.55828779443765,126.27676834191897,125.86218900173628,100,0,1,0
405,2,125.65365426202713,129.64995436015957,127.0921974249223,130.49313204808468,100,0,1,0
406,2,130.60283623781376,135.7603761710026,132.33074118589437,136.47444381992082,100,0,1,0
407,2,132.35738226158475,139.4219429079569,134.37825589928497,139.88836400801708,100,0,1,0
408,2,136.35526354715412,143.76109332223066,138.33756584754474,145.10054004170667,100,0,1,0
409,2,137.60834934577073,144.84805437969,140.4649852413605,146.10813511628024,100,0,1,0
410,2,137.37070667639955,144.46023648886697,140.7823693599109,146.01108336721452,100,0,1,0
411,2,137.38259038022173,145.0980863678626,139.12421289162052,146.89566446616624,100,0,1,0
412,2,140.45859614356988,147.31946662806368,140.85774576498804,149.11013805246003,100,0,1,0
413,2,142.46244706814014,147.59712698088975,143.51718521203958,149.9072189426377,100,0,1,0
414,2,144.00958118736807,148.08657827985206,146.00136787107002,150.7326566404827,100,0,1,0
415,2,144.3519996904115,146.87262150229049,145.206608251058,149.74387246596058,100,0,1,0
416,2,145.1397737193331,147.75888020012297,146.31391416933457,150.39669416641087,100,0,1,0
417,2,146.61700976869568,149.02979195701673,146.07687735851775,151.6190908344416,100,1,1,0
418,2,151.62123353762078,152.61115540383713,152.29232374528286,155.26512538199253,100,0,1,0
419,2,154.80318335770454,154.1027469160268,154.85892202199028,156.60490042883268,100,0,1,0
420,2,158.04219620483514,152.33566853123403,158.19793058170657,154.48563014103192,100,0,1,0
421,2,156.2740205384401,152.19830577568894,156.09710685062254,153.90070119141978,100,1,1,0
422,2,158.05800872127847,154.42872754313214,156.33320283864086,156.37054275662715,100,1,1,0
423,2,158.6376563418723,154.85868112942015,156.9279551756543,156.99862459016785,100,1,1,0
424,2,161.0055986022582,155.4672013920961,159.22020066842958,157.67509514536187,100,1,0,0
425,2,162.38375996675734,158.8400470386687,161.45990763327816,160.9464928303726,100,1,0,0
426,2,171.83048157774644,163.15582274076354,172.8639351244494,165.73597598626955,100,0,0,0
427,2,174.07800617484952,163.29663165889053,177.02647484210047,166.0205955922936,100,0,0,0
428,2,175.97961422685813,170.1246981242959,179.47903495108022,173.8518691321231,100,0,0,0
429,2,176.09401742151115,172.26690914744603,179.41314575226008,177.77483504185915,100,0,0,0
430,2,176.35885481778087,173.67662414666862,179.24766350756707,177.79261224239076,100,0,0,0
431,2,176.23698831836126,175.94262037318612,179.63366302569545,179.64283555676653,100,0,0,0
432,2,176.24585955403626,176.87015518361702,179.75437268706867,179.13382305137256,100,0,0,0
433,2,176.40445124608735,176.2589755948946,179.76989669929432,179.77289089485848,100,0,0,0
434,2,176.65933565432292,175.92834145399755,179.74473688534925,179.63125180776322,100,0,0,0
435,2,176.94354978454956,175.78502035429787,179.42272558925632,179.15810590539107,100,0,0,0
436,2,176.9405989992767,176.10399360921213,179.5108016990465,179.351208896236,100,0,0,0
437,2,177.04055446991688,175.98152779894764,179.63818135321853,179.31210877271678,100,0,0,0
438,2,177.03659647574082,176.22571662157816,179.7594626620887,179.61230176103552,100,0,0,0
439,2,177.02219911413223,176.20989878426576,179.74116137238875,179.54886003664157,100,0,0,0
440,2,177.1211172520282,176.088086595138,179.5106338385529,179.25315279405766,100,0,0,0
441,2,176.93079670082383,176.110662911839,179.72390283713628,179.21612346200487,100,0,0,0
442,2,176.8227625053442,176.57805961880825,179.7828765225467,179.70837939367254,100,0,0,0
443,2,176.89783810279,176.40712752006178,179.7710434041492,179.58249252882555,100,0,0,0
444,2,176.64085082440877,176.8288591611684,179.7589674343928,179.78186949479553,100,0,0,0
445,2,176.64993790167867,176.57971508313628,179.74787958995802,179.6683539547418,100,0,0,0
446,2,176.53025396151168,176.68787747604313,179.5614940033154,179.6877584824761,100,0,0,0
447,2,176.5215925929699,176.76783700326789,179.46271365193942,179.77800335024875,100,0,0,0
448,2,176.648917433222,176.62636566492347,179.45355081972443,179.7495050145315,100,0,0,0
449,2,176.7872861788585,176.56057891073647,179.43736862736012,179.72044517115376,100,0,0,0
450,2,176.76709025509666,176.6862468880952,179.3471130718722,179.78576234959985,100,0,0,0
451,2,176.6962806415669,176.6734367508083,179.32814001832625,179.70804157854033,100,0,0,0
452,2,176.6952482229203,176.72318543625067,179.40841600587552,179.62345445029314,100,0,0,0
453,2,176.69945169011928,176.64901014299065,179.42334819787985,179.5526054555206,100,0,0,0
454,2,176.72581888221285,176.55049897185017,179.42378195845575,179.48904152582966,100,0,0,0
455,2,176.69627646494982,176.51735529461018,179.4222224194939,179.45210163483304,100,0,0,0
456,2,176.68826951434622,176.52319783999997,179.4098915333082,179.52618837798838,100,0,0,0
457,2,176.68895237605733,176.46244155598617,179.4074421674891,179.48150474170126,100,0,0,0
458,2,176.69134562569403,176.12560548474494,179.39626895465622,179.33635527198155,100,0,0,0
459,2,176.66504449755527,176.05837522556612,179.23436309074566,179.41817281216294,100,0,0,0
460,2,176.63886437822347,176.08437825957537,179.16417414996084,179.3022319304691,100,0,0,0
461,2,176.63721750805763,176.00806847158051,179.07260685754954,179.35717112556355,100,0,0,0
462,2,176.52387555820243,176.09754040422766,178.934392261695,179.52901054732854,100,0,0,0
463,2,176.55135679233996,175.9492304094492,178.8737788498765,179.48966369645345,100,0,0,0
464,2,176.53249223266775,175.81183494769516,178.8123350585907,179.54080507000566,100,0,0,0
465,2,176.52471063322204,175.730041390026,178.7706223634337,179.51336696021596,100,0,0,0
466,2,176.43709191753697,175.64601705406196,178.6912713373795,179.72854075612068,100,0,0,0
467,2,176.23753625416822,175.5768149648597,178.65337113741685,179.58677580015126,100,0,0,0
468,2,175.92671081580366,175.5431704864767,178.49652913971255,179.50018136298448,100,0,0,0
469,2,175.57678666314118,175.53239890829454,178.49148262468137,179.45689615079425,100,0,0,0
470,2,175.3928202456912,175.7668943877654,178.45156984185098,179.28078489514343,100,0,0,0
471,2,175.29507403788193,175.74167021701632,178.4155309607874,179.29693894377976,100,0,0,0
472,2,175.2795909951385,175.71510352941235,178.35669993773004,179.32073711364768,100,0,0,0
473,2,174.94282905970937,175.92800986966364,178.23044438270804,179.5967307407392,100,0,0,0
474,2,175.00093249351508,175.73574893520117,178.23232920680817,179.53786562699207,100,0,0,0
475,2,174.9269607162142,175.72594297135504,178.09165620253998,179.5678044344529,100,0,0,0
476,2,174.87701952598064,175.66755417304083,178.16273167957715,179.41404248375173,100,0,0,0
477,2,174.80769487378754,175.68836150015807,178.07500106414014,179.46719918789398,100,0,0,0
478,2,174.735769087308,175.65652916200676,177.9940230235456,179.50472033973912,100,0,0,0
479,2,174.68467881041278,175.57668768239253,177.88197456616473,179.48802120599242,100,0,0,0
480,2,174.6466915746854,175.54235317433856,177.83705524592793,179.4387896872233,100,0,0,0
481,2,174.82583079066285,175.4497342696572,178.016957829772,179.24531633026453,100,0,0,0
482,2,174.89560487847993,175.35690797446077,178.18702139282732,179.0308958214701,100,0,0,0
483,2,175.06460798328442,174.99638340453802,178.48965964483347,178.71000723749236,100,0,0,0
484,2,175.38647631187789,174.8390106292503,178.6487253975552,178.6025980858481,100,0,0,0
485,2,175.42549976221073,174.95589640235045,178.8111612898665,178.50452090545792,100,0,0,0
486,2,175.46138975855982,175.07839535140317,178.6648444642318,178.60582867813122,100,0,0,0
487,2,175.4430802722255,175.14636231699947,178.66711486241053,178.68005908418286,100,0,0,0
488,2,175.49772611575688,175.21425125396343,178.66152291669525,178.64925536846212,100,0,0,0
489,2,175.51739661090303,175.25977208644778,178.64153567830428,178.707534097487,100,0,0,0
490,2,175.61790438076122,174.94795479927558,178.86226184218842,178.29193293804488,100,0,0,0
491,2,175.78361936916463,174.98032020500193,179.09470301248757,178.25946229335315,100,0,0,0
492,2,175.91834156603596,175.00971265944338,179.20719165727047,178.2866378041803,100,0,0,0
493,2,175.97988273732605,175.20640257924327,179.2159420138951,178.3593069712844,100,0,0,0
494,2,176.0848641786444,175.3540386978507,179.31005140344166,178.35635588418577,100,0,0,0
495,2,176.18369047856652,175.29473594849628,179.44419765560394,178.2806057128663,100,0,0,0
496,2,176.27655253512975,175.19698594875354,179.4442666355125,178.23043045985017,100,0,0,0
497,2,176.74712027877712,175.19231966092795,179.74737811808927,178.12555023469625,100,0,0,0
498,2,176.8565125337956,174.9819174774878,179.7671367672818,177.9799248747364,100,0,0,0
499,2,176.95213319131156,174.77022533828128,179.7531960158049,178.0906688689871,100,0,0,0
500,2,176.90466557210055,175.19073384463397,179.7779839815167,178.33652566683435,100,0,0,0
501,2,176.7953920804701,175.5492495342887,179.7816955571276,178.49759397220672,100,0,0,0
502,2,176.74057015434323,175.9102008895797,179.78741768391208,178.7589990082109,100,0,0,0
503,2,176.4176263980705,176.71389171153285,179.7237391376955,179.2264051101199,100,0,0,0
504,2,176.35000213376534,176.98095451532686,179.75890752697666,179.25006138554875,100,0,0,0
505,2,176.33427707054656,177.0225186810501,179.77930982496503,179.180427405867,100,0,0,0
506,2,176.60227831629234,176.88358203993593,179.72624161742212,179.5355165660436,100,0,0,0
507,2,176.64996656618717,176.9293873593635,179.78197404135528,179.53412123760123,100,0,0,0
508,2,176.61459459106158,177.15049860977194,179.64888814667745,179.54606889160462,100,0,0,0
509,2,176.86894243008007,176.8564496523747,179.40254545434445,179.3921474070844,100,0,0,0
510,2,176.56923486939579,177.11231483189863,179.33465828577215,179.43572081414246,100,0,0,0
511,2,176.49825930666643,176.71857695528544,179.33767552968988,179.63331460881682,100,0,0,0
512,2,176.56180816961447,176.66839182464832,179.31716468223456,179.621076549146,100,0,0,0
513,2,175.80141314128943,173.70256320651856,179.39683904806296,175.95204981757024,100,0,0,0
514,2,174.18897957662628,170.32028244644474,178.56237616649605,172.17554167008424,100,0,0,0
515,2,173.90856821492497,168.87511723011727,177.7216084895661,171.2096293184249,100,0,0,0
516,2,173.67913241172252,168.44144556388716,177.1593755017838,170.39569980001093,100,0,0,0
517,2,173.05712903638354,168.69545170242392,176.24404939512868,171.20066107161387,100,0,0,0
518,2,171.4140650206788,169.6860149153963,174.663535532832,172.10921777413193,100,0,0,0
519,2,156.38519953094536,167.94651880754571,156.34425706242487,170.41597655341596,100,1,1,0
520,2,152.54904475007413,164.97867000602227,150.1672949520069,166.0649415854091,100,1,1,0
521,2,151.35537143605808,166.241500330504,149.37637084372972,167.62538462503656,100,1,1,0
522,2,148.70739936948993,164.7279767370521,146.21560475696222,166.2199248270024,100,1,1,0
523,2,144.60391842720014,159.35805133040816,142.4210963781698,160.0129580422105,100,1,1,0
524,2,140.04444035496107,154.67934901928658,140.0423912355917,152.78165982570476,100,1,1,0
525,2,137.66781016847614,145.26469347169842,134.9368820957025,143.28774714203854,100,1,1,0
526,2,138.58421364312386,139.90139541526122,132.56841649387243,136.92685997825865,100,1,1,0
527,2,136.13185585963208,134.62490940760622,133.55579789042912,131.61706601824892,100,1,1,0
528,2,133.57250336259398,130.14552012263738,131.23340803097787,127.96787870421016,100,1,1,0
529,2,130.1819484149746,126.80025842359012,128.9783422105033,124.13502831387262,100,1,1,0
530,2,129.91638152648432,128.0187477533602,128.1933673421477,123.88367833140913,100,1,1,0
531,2,125.0556530739183,125.289363015703,123.63706659586775,119.40787479188346,100,1,1,0
532,2,120.25140902702108,123.68043660597,117.99715618430598,120.19557693508558,100,1,1,0
533,2,119.62628649227675,121.49310594585062,116.30867632357538,117.74664278716908,100,1,1,0
534,2,119.21158792685173,121.49875750709316,119.01619403628193,119.27914569463064,100,1,1,0
535,2,118.17157998656222,119.68751961316909,118.39361695015866,119.95319247407805,100,0,1,0
536,2,115.43295063187689,119.91019178652078,115.3860363170126,120.12585403539673,100,1,1,0
537,2,115.08403328455701,114.66342736765925,115.78044626253342,114.64423228536485,100,0,1,0
538,2,113.25832518826603,112.00319559735095,114.49741265743583,110.04344989579896,100,0,1,0
539,2,105.34869219305737,107.15198215800007,106.72159277950493,105.4402226933802,100,0,1,0
540,2,103.17038300921502,103.63664904587635,104.5242092070263,102.27917501526184,100,0,1,0
541,2,95.05835941872382,100.269926231778,96.2856717384944,99.04644764273614,100,0,1,0
542,2,87.39233325187027,91.02558528567042,88.8170389708108,90.00129732306104,100,0,1,0
543,3,82.35045790314338,85.00765691982,83.87028976600453,84.00842098905939,100,0,1,0
544,3,79.30959290577938,79.75254871637605,81.01179484333684,79.18379923861009,100,0,1,0
545,3,75.21971143572338,77.84119828841831,76.89306537946433,77.64110039395597,100,0,1,1
546,3,76.92435911358734,78.3588664080084,78.69357289628819,78.26639683238041,100,0,1,1
547,3,74.55304957581623,75.89283317619311,79.43399955031316,76.19412543898298,100,0,1,1
548,3,67.16827845363984,71.7646652293267,72.00097451409299,72.25878583277327,98,0,1,1
549,3,66.30643682714565,68.95585938183007,71.54951083199607,69.56795190376918,98,0,1,1
550,3,64.3825673116975,66.68393065051202,69.67477730905853,67.31696989688699,96,0,1,1
551,3,62.35100739405975,62.5623734917442,67.45261578462723,63.13977566487256,94,0,1,1
552,3,60.86504470807101,60.87674994265514,65.76117738550198,61.303693180522124,93,0,1,1
553,3,59.695729603527106,59.52323643017885,64.44814136857013,60.038198449637186,92,0,1,1
554,3,58.156646413323735,57.776632692490615,62.62238628925414,58.13210307227025,90,0,1,1
555,3,55.960291889720985,57.27062731422375,60.05718965513255,57.13648677002985,88,0,1,1
556,3,52.81242898266219,54.28314133035586,56.77769912753822,54.01661201280542,84,0,1,1
557,3,50.86412010316784,49.771981253069406,54.85492187765546,49.00902448692085,78,0,1,1
558,3,49.193979618569585,46.48309511142435,53.067849744987804,45.31023604709762,74,0,1,1
559,3,48.90425915682355,44.52509361425726,52.63492672705691,43.09747386603349,72,0,1,1
560,3,47.79759002084621,44.52196516845236,50.963240808381855,43.00768460113844,71,0,1,1
561,3,45.91801278525819,42.18455747705319,48.57611856214326,40.343387802718496,68,0,1,1
562,3,41.561425670024164,36.519768386549984,42.79745220833431,34.01757745732743,59,0,1,1
563,3,38.49306012758997,34.338818732273175,39.26467147158614,31.18093039016449,54,0,1,1
564,3,37.53868111007456,33.45102751125782,31.637818442122573,29.91746821935082,50,1,1,1
565,3,36.94369919953631,33.283082784080534,33.98594700699325,29.528139680791085,51,1,1,1
566,3,36.372629099272935,33.20130005927312,34.43348790992172,29.349931445824662,50,1,1,1
567,3,36.16353746965464,32.81932347344801,34.69593785999337,29.005491196167252,50,1,1,1
568,3,36.18709665275379,33.36720862061482,34.831809365579254,29.047665750034668,51,1,1,1
569,3,36.30792693099987,33.56202509927343,35.085818881214756,29.19046232815773,51,1,1,1
570,3,36.20292508256063,33.65817219188659,35.09928967635699,29.44543314282417,51,1,1,1
571,3,35.56655822219933,33.495100679656204,34.64971545991025,29.39521434199201,50,1,1,1
572,3,35.35384727316873,33.285636265498596,34.79339134176477,29.304471744157322,50,1,1,1
573,3,35.63821340674797,33.63735858001269,36.08597639395425,29.997929451055484,51,0,1,1
574,3,36.39461110474425,34.35358686228989,37.58139886713101,31.107269161187165,53,0,1,1
575,3,37.74659580080239,34.81945212991334,38.67738483071299,31.699049496881276,54,0,1,1
576,3,41.5692447372875,38.17289426298683,42.641273829298356,35.296772030301206,60,0,1,1
577,3,46.70730868966864,43.03156130577232,48.202018478318934,40.60485230451469,68,0,1,1
578,3,52.60476917102702,51.79771300550097,54.544237445896016,49.78754800735421,80,0,1,1
579,3,56.539987549702964,55.87561718821154,58.41207727945684,53.714002945154974,86,0,1,1
580,3,62.740310427517215,61.51932764421546,63.76593665706172,59.98624124540475,93,0,1,1
581,3,69.5698926652382,69.62419928594898,71.31108626317963,68.2357381859147,99,0,1,1
582,3,73.20630296357645,73.43517809458314,73.47079127798062,72.50499209825475,100,0,1,1
583,3,72.45275940028732,73.17053935586084,72.09474708142211,72.61009388722265,100,1,1,1
584,3,74.84229748832166,79.20107679369724,74.87433034837485,78.69172106978223,100,0,1,1
585,3,77.73249335471671,83.92815884071668,78.45474226212907,83.29151722768755,100,0,1,1
586,3,86.41656063568935,92.24811332380159,88.0544645494281,92.09589646100471,100,0,1,0
587,3,101.76782167674935,101.64479342465887,103.39022307708933,101.3837995799489,100,0,1,0
588,3,117.24971752844185,114.71193550440934,118.45306129639195,114.10107767945114,100,0,1,0
589,3,124.81839994473602,123.38344874581608,126.23300589396325,123.12561695193675,100,0,1,0
590,3,128.65233384810216,130.58419145597475,131.01408876498073,130.52542611503137,100,0,1,0
591,3,129.4531563589313,134.42777502196253,132.4200255781886,134.64980272960784,100,0,1,0
592,3,134.67373105465492,139.9727301392029,137.37109679979562,139.9353567928769,100,0,1,0
593,3,135.58465211428194,142.31206498539714,136.99320889123572,142.85645626095064,100,0,1,0
594,3,137.71621449561383,142.72659510784015,138.52363356282885,143.080814797656,100,0,1,0
595,3,140.95085120682288,146.26324713528192,140.7600357190062,146.30999955619384,100,1,1,0
596,3,141.10863705515274,146.1586321941271,141.91152713537133,146.18887567962875,100,0,1,0
597,3,140.9199065349922,147.70768397495186,142.57221550093254,147.65956856691042,100,0,1,0
598,3,144.66307742373849,148.69658689228154,145.5334567670017,148.75164748639955,100,0,1,0
599,3,146.62151967438007,150.03477022249865,147.41907516143272,150.62140041701906,100,0,1,0
600,3,148.21290943032284,150.6283211518062,148.8955729691988,150.18752206332462,100,0,1,0
601,3,150.00022076299012,151.86679045625704,150.22368747510097,152.14235140669766,100,0,1,0
602,3,151.06246008061274,153.36915497607112,151.90624393582436,154.09513885963955,100,0,1,0
603,3,148.89427012028915,152.49353500172444,148.53651581470993,155.14015306963302,100,1,1,0
604,3,150.90993164158678,152.7519761365775,151.0211863269327,154.96985560603844,100,0,1,0
605,3,153.26935787820008,152.7990363345957,151.4023432707682,154.24195974256912,100,1,1,0
606,3,154.4502206451492,152.72140997402482,153.14441968797075,153.7308906807241,100,1,1,0
607,3,157.3004909687414,152.77633412155726,156.53357842070793,154.005804012387,100,1,1,0
608,3,158.61879900677707,152.14103644352133,157.994091229511,152.75811580591153,100,1,1,0
609,3,160.62096604645384,152.96114158157735,159.7051411188207,153.84603332256032,100,1,0,0
610,3,160.78514222974042,153.71544632743968,158.77744353742293,154.69872633256585,100,1,0,0
611,3,165.21039095595242,154.73724850328682,161.45069266120493,155.98495545653805,100,1,0,0
612,3,166.24838107380535,157.627701466095,161.90226261236816,158.01524708971618,100,1,0,0
613,3,169.78386664131253,160.80136826725078,166.86383640586473,161.10218462552254,100,1,0,0
614,3,169.80244392650778,163.76867163756708,166.9254139236436,164.35127699433065,100,1,0,0
615,3,169.54403772684273,169.6462619677525,167.09042544134516,170.93120705108396,100,1,0,0
616,3,169.92767658129313,171.87328256556182,170.92299400067023,174.46299983396983,100,0,0,0
617,3,171.4482478156954,173.03660351298916,174.03575775363652,176.96754848480845,100,0,0,0
618,3,174.36576585946366,173.1851516614618,178.02016583516541,177.31532312000374,100,0,0,0
619,3,176.46782286839755,173.97539577923533,179.54662857267485,178.90293658936173,100,0,0,0
620,3,177.03574970379617,174.71150664222688,179.76297534770305,179.53558692378581,100,0,0,0
621,3,177.0117678017133,175.4281925929047,179.73669267098273,179.78481061431134,100,0,0,0
622,3,177.21759059079133,175.2937471609331,179.5746092866775,179.18337615382129,100,0,0,0
623,3,177.8357861459711,174.91331723355114,178.7431584453203,178.50801098885165,100,0,0,0
624,3,177.6631750026143,175.31287331572625,179.2042503045761,179.04177657130998,100,0,0,0
625,3,177.73413849232392,175.452130977622,179.08653439731734,178.83791880796423,100,0,0,0
626,3,177.78186670653315,175.50729849989654,179.0270225083441,178.9200360860261,100,0,0,0
627,3,177.73514656316766,175.55074879470453,179.15050142397,178.81487678391974,100,0,0,0
628,3,177.63815302850543,176.04098856829214,179.28343700695189,179.24472349185865,100,0,0,0
629,3,177.62959141275982,176.29866428404793,179.38890297911027,179.65488717783649,100,0,0,0
630,3,177.57159554206905,176.7752953979326,179.34405726902762,179.7805986821336,100,0,0,0
631,3,177.5144894346929,176.71126594629877,179.4134642084593,179.71827772727346,100,0,0,0
632,3,177.35813459770384,177.00305215413732,179.56445396044202,179.6114224616649,100,0,0,0
633,3,177.33815478833358,176.89178352709175,179.70341257148965,179.74730415297395,100,0,0,0
634,3,177.241435635557,176.99422905665728,179.74461994503307,179.63877591288147,100,0,0,0
635,3,177.0191191887481,177.6636774894323,179.6381357964899,179.28319781660107,100,0,0,0
636,3,176.88328022084673,177.716307759089,179.62776036585572,179.50315096233706,100,0,0,0
637,3,176.84494491869336,177.5757476906146,179.64802410175602,179.5480356639442,100,0,0,0
638,3,176.65228667036533,177.49373354112737,179.67615800805802,179.7712251686817,100,0,0,0
639,3,176.50410595188865,177.45711631255006,179.72572858318227,179.73220844326815,100,0,0,0
640,3,176.1844215107455,177.56694212393342,179.768641137373,179.75462579194107,100,0,0,0
641,3,175.99425945118452,177.52604710334293,179.6538011213471,179.76030839579906,100,0,0,0
642,3,175.92089349679725,177.2193504648042,179.16095949204902,179.57764044936792,100,0,0,0
643,3,175.75162827650018,177.2180580568894,178.91861530572126,179.44574544214413,100,0,0,0
644,3,175.58222697888593,177.10753517433784,178.7262696252867,179.3882541806736,100,0,0,0
645,3,175.3942464874174,176.98791558618979,178.54735462022177,179.4534010496694,100,0,0,0
646,3,175.3761723903499,176.58553180853016,178.2803811090337,179.38909963202119,100,0,0,0
